value,prob
1,0.09867
2,0.10097
3,0.10062
4,0.0992
5,0.10205
6,0.09947
7,0.10008
8,0.09937
9,0.09994
10,0.09963
