value,prob
1,0.16845
2,0.16847
3,0.16603
4,0.16564
5,0.16656
6,0.16485
