value,prob
2,0.01005
3,0.02018
4,0.03063
5,0.03996
6,0.05021
7,0.0598
8,0.0702
9,0.07982
10,0.08889
11,0.10001
12,0.08903
13,0.08017
14,0.07033
15,0.06095
16,0.04938
17,0.04074
18,0.02968
19,0.02001
20,0.00996
