value,prob
2,0.0275
3,0.05618
4,0.08189
5,0.11131
6,0.13886
7,0.16852
8,0.14016
9,0.11093
10,0.0823
11,0.0547
12,0.02765
