value,prob
3,0.0047
4,0.01336
5,0.0283
6,0.0468
7,0.06871
8,0.09776
9,0.11513
10,0.12679
11,0.12536
12,0.11535
13,0.0985
14,0.06871
15,0.04461
16,0.02704
17,0.01419
18,0.00469
